{"cameraMode":{"drawMode":0,"name":"Shaded","section":"Shading Mode"},"sceneLighting":false,"audioPlay":false,"sceneViewState":{"m_AlwaysRefresh":false,"showFog":true,"showSkybox":false,"showFlares":true,"showImageEffects":true,"showParticleSystems":true,"showVisualEffectGraphs":true,"m_FxEnabled":true},"in2DMode":false,"pivot":{"x":1019.5009765625,"y":467.8016357421875,"z":339.290283203125},"rotation":{"x":-0.13489627838134767,"y":0.0035648199263960125,"z":-0.00048517732648178935,"w":-0.9908533096313477},"size":843.3257446289063,"orthographic":false}